<?xml version="1.0" encoding="UTF-8"?>
<export version="E">
  <design>
    <source>C:\Users\dr_mo\Desktop\School\4th Year\Winter Term\ECE492\PCB\SPARC.kicad_sch</source>
    <date>2023-03-07 5:09:45 PM</date>
    <tool>Eeschema (6.0.1)</tool>
    <textvar name="2R">75kΩ</textvar>
    <sheet number="1" name="/" tstamps="/">
      <title_block>
        <title>HVDAC - SPARC Capstone</title>
        <company>SPARC Capstone</company>
        <rev>01</rev>
        <date>2023-03-07</date>
        <source>SPARC.kicad_sch</source>
        <comment number="1" value="Originally by Randy Palamar"/>
        <comment number="2" value="Revised by Kirk Rieberger"/>
        <comment number="3" value=""/>
        <comment number="4" value=""/>
        <comment number="5" value=""/>
        <comment number="6" value=""/>
        <comment number="7" value=""/>
        <comment number="8" value=""/>
        <comment number="9" value=""/>
      </title_block>
    </sheet>
  </design>
  <components>
    <comp ref="C1">
      <value>0.22uF</value>
      <footprint>Capacitor_SMD:C_1210_3225Metric</footprint>
      <libsource lib="Device" part="C_Small" description="Unpolarized capacitor, small symbol"/>
      <property name="Sheetname" value=""/>
      <property name="Sheetfile" value="SPARC.kicad_sch"/>
      <sheetpath names="/" tstamps="/"/>
      <tstamps>84f092c4-b4e6-4651-90e6-312c13b6b2e0</tstamps>
    </comp>
    <comp ref="C2">
      <value>0.22uF</value>
      <footprint>Capacitor_SMD:C_1210_3225Metric</footprint>
      <libsource lib="Device" part="C_Small" description="Unpolarized capacitor, small symbol"/>
      <property name="Sheetname" value=""/>
      <property name="Sheetfile" value="SPARC.kicad_sch"/>
      <sheetpath names="/" tstamps="/"/>
      <tstamps>1ab48906-74bb-4fdb-a954-fcd0cb29ceca</tstamps>
    </comp>
    <comp ref="C3">
      <value>0.22uF</value>
      <footprint>Capacitor_SMD:C_1210_3225Metric</footprint>
      <libsource lib="Device" part="C_Small" description="Unpolarized capacitor, small symbol"/>
      <property name="Sheetname" value=""/>
      <property name="Sheetfile" value="SPARC.kicad_sch"/>
      <sheetpath names="/" tstamps="/"/>
      <tstamps>a7bd2b89-2ea6-4a92-ab02-9cf16768eee2</tstamps>
    </comp>
    <comp ref="C4">
      <value>0.22uF</value>
      <footprint>Capacitor_SMD:C_1210_3225Metric</footprint>
      <libsource lib="Device" part="C_Small" description="Unpolarized capacitor, small symbol"/>
      <property name="Sheetname" value=""/>
      <property name="Sheetfile" value="SPARC.kicad_sch"/>
      <sheetpath names="/" tstamps="/"/>
      <tstamps>c487e30b-d43b-4477-89bc-401609589f42</tstamps>
    </comp>
    <comp ref="C5">
      <value>0.22uF</value>
      <footprint>Capacitor_SMD:C_1210_3225Metric</footprint>
      <libsource lib="Device" part="C_Small" description="Unpolarized capacitor, small symbol"/>
      <property name="Sheetname" value=""/>
      <property name="Sheetfile" value="SPARC.kicad_sch"/>
      <sheetpath names="/" tstamps="/"/>
      <tstamps>d74a33b9-3994-416f-b125-6bc19bee591a</tstamps>
    </comp>
    <comp ref="C6">
      <value>0.22uF</value>
      <footprint>Capacitor_SMD:C_1210_3225Metric</footprint>
      <libsource lib="Device" part="C_Small" description="Unpolarized capacitor, small symbol"/>
      <property name="Sheetname" value=""/>
      <property name="Sheetfile" value="SPARC.kicad_sch"/>
      <sheetpath names="/" tstamps="/"/>
      <tstamps>530d4bb7-fbb8-4f71-96a3-b07101e6ae80</tstamps>
    </comp>
    <comp ref="C7">
      <value>0.1uF</value>
      <footprint>Capacitor_SMD:C_1210_3225Metric_Pad1.33x2.70mm_HandSolder</footprint>
      <libsource lib="Device" part="C_Small" description="Unpolarized capacitor, small symbol"/>
      <property name="Sheetname" value=""/>
      <property name="Sheetfile" value="SPARC.kicad_sch"/>
      <sheetpath names="/" tstamps="/"/>
      <tstamps>fea79c32-c95a-4ea0-a9e3-8b16ab6c924d</tstamps>
    </comp>
    <comp ref="C8">
      <value>1uF</value>
      <footprint>Capacitor_SMD:C_0603_1608Metric</footprint>
      <libsource lib="Device" part="C_Small" description="Unpolarized capacitor, small symbol"/>
      <property name="Sheetname" value=""/>
      <property name="Sheetfile" value="SPARC.kicad_sch"/>
      <sheetpath names="/" tstamps="/"/>
      <tstamps>0155d230-edaa-471e-8213-1f4bc648d45e</tstamps>
    </comp>
    <comp ref="C9">
      <value>0.1uF</value>
      <footprint>Capacitor_SMD:C_1210_3225Metric_Pad1.33x2.70mm_HandSolder</footprint>
      <libsource lib="Device" part="C_Small" description="Unpolarized capacitor, small symbol"/>
      <property name="Sheetname" value=""/>
      <property name="Sheetfile" value="SPARC.kicad_sch"/>
      <sheetpath names="/" tstamps="/"/>
      <tstamps>cdeeda6a-ab3f-4fc4-90cc-91c3577eb360</tstamps>
    </comp>
    <comp ref="C10">
      <value>1uF</value>
      <footprint>Capacitor_SMD:C_0603_1608Metric</footprint>
      <libsource lib="Device" part="C_Small" description="Unpolarized capacitor, small symbol"/>
      <property name="Sheetname" value=""/>
      <property name="Sheetfile" value="SPARC.kicad_sch"/>
      <sheetpath names="/" tstamps="/"/>
      <tstamps>d95298c1-9a87-438a-a30a-8c8c8d09cf23</tstamps>
    </comp>
    <comp ref="C11">
      <value>0.1uF</value>
      <footprint>Capacitor_SMD:C_1210_3225Metric_Pad1.33x2.70mm_HandSolder</footprint>
      <libsource lib="Device" part="C_Small" description="Unpolarized capacitor, small symbol"/>
      <property name="Sheetname" value=""/>
      <property name="Sheetfile" value="SPARC.kicad_sch"/>
      <sheetpath names="/" tstamps="/"/>
      <tstamps>52f0adbf-e949-4c67-82ea-15ace48190d1</tstamps>
    </comp>
    <comp ref="C12">
      <value>0.1uF</value>
      <footprint>Capacitor_SMD:C_1210_3225Metric_Pad1.33x2.70mm_HandSolder</footprint>
      <libsource lib="Device" part="C_Small" description="Unpolarized capacitor, small symbol"/>
      <property name="Sheetname" value=""/>
      <property name="Sheetfile" value="SPARC.kicad_sch"/>
      <sheetpath names="/" tstamps="/"/>
      <tstamps>aa2b577a-8e0f-499d-9c4b-136fbf2ef37e</tstamps>
    </comp>
    <comp ref="D1">
      <value>D_Bridge_+A-A</value>
      <footprint>grad_kicad_foot:Package_HDS</footprint>
      <datasheet>https://www.diodes.com/assets/Datasheets/HDS10M.pdf</datasheet>
      <libsource lib="Device" part="D_Bridge_+A-A" description="Diode bridge, +ve/AC/-ve/AC"/>
      <property name="Sheetname" value=""/>
      <property name="Sheetfile" value="SPARC.kicad_sch"/>
      <sheetpath names="/" tstamps="/"/>
      <tstamps>f66e0595-fda7-4d1d-9f6a-c9f053a74aac</tstamps>
    </comp>
    <comp ref="J1">
      <value>Conn_Coaxial_Power</value>
      <footprint>Connector_Coaxial:SMA_Molex_73251-1153_EdgeMount_Horizontal</footprint>
      <libsource lib="Connector" part="Conn_Coaxial_Power" description="coaxial connector (BNC, SMA, SMB, SMC, Cinch/RCA, LEMO, ...)"/>
      <property name="Sheetname" value=""/>
      <property name="Sheetfile" value="SPARC.kicad_sch"/>
      <sheetpath names="/" tstamps="/"/>
      <tstamps>14014c33-4121-4b6b-886c-016eb2b82019</tstamps>
    </comp>
    <comp ref="J2">
      <value>Conn_Coaxial_Power</value>
      <footprint>Connector_Coaxial:SMA_Molex_73251-1153_EdgeMount_Horizontal</footprint>
      <libsource lib="Connector" part="Conn_Coaxial_Power" description="coaxial connector (BNC, SMA, SMB, SMC, Cinch/RCA, LEMO, ...)"/>
      <property name="Sheetname" value=""/>
      <property name="Sheetfile" value="SPARC.kicad_sch"/>
      <sheetpath names="/" tstamps="/"/>
      <tstamps>c252828a-365d-4323-b275-6c63b5a4af71</tstamps>
    </comp>
    <comp ref="J3">
      <value>Conn_01x06_Female</value>
      <footprint>Connector_PinHeader_2.54mm:PinHeader_1x06_P2.54mm_Vertical</footprint>
      <libsource lib="Connector" part="Conn_01x06_Female" description="Generic connector, single row, 01x06, script generated (kicad-library-utils/schlib/autogen/connector/)"/>
      <property name="Sheetname" value=""/>
      <property name="Sheetfile" value="SPARC.kicad_sch"/>
      <sheetpath names="/" tstamps="/"/>
      <tstamps>7f9bae84-1a0c-449e-a629-1d8956331caf</tstamps>
    </comp>
    <comp ref="J4">
      <value>Conn_01x03_Female</value>
      <footprint>Connector_PinHeader_2.54mm:PinHeader_1x03_P2.54mm_Vertical</footprint>
      <libsource lib="Connector" part="Conn_01x03_Female" description="Generic connector, single row, 01x03, script generated (kicad-library-utils/schlib/autogen/connector/)"/>
      <property name="Sheetname" value=""/>
      <property name="Sheetfile" value="SPARC.kicad_sch"/>
      <sheetpath names="/" tstamps="/"/>
      <tstamps>96ad2374-8fb0-479f-94f9-a883a521b4d6</tstamps>
    </comp>
    <comp ref="J5">
      <value>Conn_01x03_Female</value>
      <footprint>Connector_PinHeader_2.54mm:PinHeader_1x03_P2.54mm_Vertical</footprint>
      <libsource lib="Connector" part="Conn_01x03_Female" description="Generic connector, single row, 01x03, script generated (kicad-library-utils/schlib/autogen/connector/)"/>
      <property name="Sheetname" value=""/>
      <property name="Sheetfile" value="SPARC.kicad_sch"/>
      <sheetpath names="/" tstamps="/"/>
      <tstamps>d933539a-3318-4f7d-b8d3-dfec2e3b8cea</tstamps>
    </comp>
    <comp ref="J6">
      <value>Conn_01x06_Female</value>
      <footprint>Connector_PinHeader_2.54mm:PinHeader_1x06_P2.54mm_Vertical</footprint>
      <libsource lib="Connector" part="Conn_01x06_Female" description="Generic connector, single row, 01x06, script generated (kicad-library-utils/schlib/autogen/connector/)"/>
      <property name="Sheetname" value=""/>
      <property name="Sheetfile" value="SPARC.kicad_sch"/>
      <sheetpath names="/" tstamps="/"/>
      <tstamps>6bdd71ab-a998-48d3-959e-844eb235da71</tstamps>
    </comp>
    <comp ref="JP1">
      <value>Jumper_3_Open</value>
      <footprint>Connector_PinHeader_2.54mm:PinHeader_1x03_P2.54mm_Vertical</footprint>
      <libsource lib="Jumper" part="Jumper_3_Open" description="Jumper, 3-pole, both open"/>
      <property name="Sheetname" value=""/>
      <property name="Sheetfile" value="SPARC.kicad_sch"/>
      <sheetpath names="/" tstamps="/"/>
      <tstamps>2c460fdd-086b-4240-b2c3-205be632981c</tstamps>
    </comp>
    <comp ref="JP2">
      <value>Jumper_3_Open</value>
      <footprint>Connector_PinHeader_2.54mm:PinHeader_1x03_P2.54mm_Vertical</footprint>
      <libsource lib="Jumper" part="Jumper_3_Open" description="Jumper, 3-pole, both open"/>
      <property name="Sheetname" value=""/>
      <property name="Sheetfile" value="SPARC.kicad_sch"/>
      <sheetpath names="/" tstamps="/"/>
      <tstamps>42e48dc9-76bd-4fd9-8b63-b8544920c97d</tstamps>
    </comp>
    <comp ref="JP3">
      <value>Jumper_3_Open</value>
      <footprint>Connector_PinHeader_2.54mm:PinHeader_1x03_P2.54mm_Vertical</footprint>
      <libsource lib="Jumper" part="Jumper_3_Open" description="Jumper, 3-pole, both open"/>
      <property name="Sheetname" value=""/>
      <property name="Sheetfile" value="SPARC.kicad_sch"/>
      <sheetpath names="/" tstamps="/"/>
      <tstamps>3bcb879b-e5d7-4f89-ab71-b17ebf79b2ae</tstamps>
    </comp>
    <comp ref="R1">
      <value>${2R}</value>
      <footprint>grad_kicad_foot:R_0603_1608Metric_small_silk</footprint>
      <libsource lib="Device" part="R" description="Resistor"/>
      <property name="Sheetname" value=""/>
      <property name="Sheetfile" value="SPARC.kicad_sch"/>
      <sheetpath names="/" tstamps="/"/>
      <tstamps>29dd5ee0-d7e3-489b-b772-f518721d85c0</tstamps>
    </comp>
    <comp ref="R2">
      <value>${2R}</value>
      <footprint>grad_kicad_foot:R_0603_1608Metric_small_silk</footprint>
      <libsource lib="Device" part="R" description="Resistor"/>
      <property name="Sheetname" value=""/>
      <property name="Sheetfile" value="SPARC.kicad_sch"/>
      <sheetpath names="/" tstamps="/"/>
      <tstamps>64a54952-0cb0-4abd-a50a-ba09cb35b684</tstamps>
    </comp>
    <comp ref="R3">
      <value>${2R}</value>
      <footprint>grad_kicad_foot:R_0603_1608Metric_small_silk</footprint>
      <libsource lib="Device" part="R" description="Resistor"/>
      <property name="Sheetname" value=""/>
      <property name="Sheetfile" value="SPARC.kicad_sch"/>
      <sheetpath names="/" tstamps="/"/>
      <tstamps>71f66eb0-0bab-43d6-89f5-42fd0f1f1919</tstamps>
    </comp>
    <comp ref="R4">
      <value>${2R}</value>
      <footprint>grad_kicad_foot:R_0603_1608Metric_small_silk</footprint>
      <libsource lib="Device" part="R" description="Resistor"/>
      <property name="Sheetname" value=""/>
      <property name="Sheetfile" value="SPARC.kicad_sch"/>
      <sheetpath names="/" tstamps="/"/>
      <tstamps>e4f669d1-5e98-4603-b2fe-4debab5d7ce7</tstamps>
    </comp>
    <comp ref="R5">
      <value>${2R}</value>
      <footprint>grad_kicad_foot:R_0603_1608Metric_small_silk</footprint>
      <libsource lib="Device" part="R" description="Resistor"/>
      <property name="Sheetname" value=""/>
      <property name="Sheetfile" value="SPARC.kicad_sch"/>
      <sheetpath names="/" tstamps="/"/>
      <tstamps>baa19632-7a1f-4135-8c30-41044f99e6e1</tstamps>
    </comp>
    <comp ref="R6">
      <value>${2R}</value>
      <footprint>grad_kicad_foot:R_0603_1608Metric_small_silk</footprint>
      <libsource lib="Device" part="R" description="Resistor"/>
      <property name="Sheetname" value=""/>
      <property name="Sheetfile" value="SPARC.kicad_sch"/>
      <sheetpath names="/" tstamps="/"/>
      <tstamps>0be2716e-df57-44f4-84d2-5a8067decda6</tstamps>
    </comp>
    <comp ref="R7">
      <value>${2R}</value>
      <footprint>grad_kicad_foot:R_0603_1608Metric_small_silk</footprint>
      <libsource lib="Device" part="R" description="Resistor"/>
      <property name="Sheetname" value=""/>
      <property name="Sheetfile" value="SPARC.kicad_sch"/>
      <sheetpath names="/" tstamps="/"/>
      <tstamps>f2926d5b-a034-4dfc-ba91-0fdea9c71606</tstamps>
    </comp>
    <comp ref="R8">
      <value>${2R}</value>
      <footprint>grad_kicad_foot:R_0603_1608Metric_small_silk</footprint>
      <libsource lib="Device" part="R" description="Resistor"/>
      <property name="Sheetname" value=""/>
      <property name="Sheetfile" value="SPARC.kicad_sch"/>
      <sheetpath names="/" tstamps="/"/>
      <tstamps>e025dddd-2d88-4ca3-a256-918e76a11d26</tstamps>
    </comp>
    <comp ref="R9">
      <value>${2R}</value>
      <footprint>grad_kicad_foot:R_0603_1608Metric_small_silk</footprint>
      <libsource lib="Device" part="R" description="Resistor"/>
      <property name="Sheetname" value=""/>
      <property name="Sheetfile" value="SPARC.kicad_sch"/>
      <sheetpath names="/" tstamps="/"/>
      <tstamps>fc8f5a68-25dc-435f-8db7-523f712b4c6a</tstamps>
    </comp>
    <comp ref="R10">
      <value>${2R}</value>
      <footprint>grad_kicad_foot:R_0603_1608Metric_small_silk</footprint>
      <libsource lib="Device" part="R" description="Resistor"/>
      <property name="Sheetname" value=""/>
      <property name="Sheetfile" value="SPARC.kicad_sch"/>
      <sheetpath names="/" tstamps="/"/>
      <tstamps>105d56c1-f401-4eb4-81a1-4d772f4357e0</tstamps>
    </comp>
    <comp ref="R11">
      <value>${2R}</value>
      <footprint>grad_kicad_foot:R_0603_1608Metric_small_silk</footprint>
      <libsource lib="Device" part="R" description="Resistor"/>
      <property name="Sheetname" value=""/>
      <property name="Sheetfile" value="SPARC.kicad_sch"/>
      <sheetpath names="/" tstamps="/"/>
      <tstamps>64bf7958-d617-4661-b1e5-182bc38bc52e</tstamps>
    </comp>
    <comp ref="R12">
      <value>${2R}</value>
      <footprint>grad_kicad_foot:R_0603_1608Metric_small_silk</footprint>
      <libsource lib="Device" part="R" description="Resistor"/>
      <property name="Sheetname" value=""/>
      <property name="Sheetfile" value="SPARC.kicad_sch"/>
      <sheetpath names="/" tstamps="/"/>
      <tstamps>0492cac5-23a0-4da9-80d4-4eac80ee0149</tstamps>
    </comp>
    <comp ref="R13">
      <value>${2R}</value>
      <footprint>grad_kicad_foot:R_0603_1608Metric_small_silk</footprint>
      <libsource lib="Device" part="R" description="Resistor"/>
      <property name="Sheetname" value=""/>
      <property name="Sheetfile" value="SPARC.kicad_sch"/>
      <sheetpath names="/" tstamps="/"/>
      <tstamps>0193ddaa-28fe-415b-9f05-98d20b9393dd</tstamps>
    </comp>
    <comp ref="R14">
      <value>${2R}</value>
      <footprint>grad_kicad_foot:R_0603_1608Metric_small_silk</footprint>
      <libsource lib="Device" part="R" description="Resistor"/>
      <property name="Sheetname" value=""/>
      <property name="Sheetfile" value="SPARC.kicad_sch"/>
      <sheetpath names="/" tstamps="/"/>
      <tstamps>8091f2bd-92ed-4d13-ba0d-ee07872dffb6</tstamps>
    </comp>
    <comp ref="R15">
      <value>${2R}</value>
      <footprint>grad_kicad_foot:R_0603_1608Metric_small_silk</footprint>
      <libsource lib="Device" part="R" description="Resistor"/>
      <property name="Sheetname" value=""/>
      <property name="Sheetfile" value="SPARC.kicad_sch"/>
      <sheetpath names="/" tstamps="/"/>
      <tstamps>6352c6e9-7251-44d7-9f43-21cd57e8f2fc</tstamps>
    </comp>
    <comp ref="R16">
      <value>${2R}</value>
      <footprint>grad_kicad_foot:R_0603_1608Metric_small_silk</footprint>
      <libsource lib="Device" part="R" description="Resistor"/>
      <property name="Sheetname" value=""/>
      <property name="Sheetfile" value="SPARC.kicad_sch"/>
      <sheetpath names="/" tstamps="/"/>
      <tstamps>31fd231a-edff-4ee6-a87c-411d7868a005</tstamps>
    </comp>
    <comp ref="R17">
      <value>${2R}</value>
      <footprint>grad_kicad_foot:R_0603_1608Metric_small_silk</footprint>
      <libsource lib="Device" part="R" description="Resistor"/>
      <property name="Sheetname" value=""/>
      <property name="Sheetfile" value="SPARC.kicad_sch"/>
      <sheetpath names="/" tstamps="/"/>
      <tstamps>632386cf-a3a1-49ba-8820-484abe48ae4b</tstamps>
    </comp>
    <comp ref="R18">
      <value>${2R}</value>
      <footprint>grad_kicad_foot:R_0603_1608Metric_small_silk</footprint>
      <libsource lib="Device" part="R" description="Resistor"/>
      <property name="Sheetname" value=""/>
      <property name="Sheetfile" value="SPARC.kicad_sch"/>
      <sheetpath names="/" tstamps="/"/>
      <tstamps>64035cb9-eef6-4f76-95e9-31265e491d94</tstamps>
    </comp>
    <comp ref="R19">
      <value>${2R}</value>
      <footprint>grad_kicad_foot:R_0603_1608Metric_small_silk</footprint>
      <libsource lib="Device" part="R" description="Resistor"/>
      <property name="Sheetname" value=""/>
      <property name="Sheetfile" value="SPARC.kicad_sch"/>
      <sheetpath names="/" tstamps="/"/>
      <tstamps>f16337b2-cf93-45a8-b394-784c9d4707e5</tstamps>
    </comp>
    <comp ref="R20">
      <value>${2R}</value>
      <footprint>grad_kicad_foot:R_0603_1608Metric_small_silk</footprint>
      <libsource lib="Device" part="R" description="Resistor"/>
      <property name="Sheetname" value=""/>
      <property name="Sheetfile" value="SPARC.kicad_sch"/>
      <sheetpath names="/" tstamps="/"/>
      <tstamps>e322ea3c-151f-42d7-a66f-b5c8f418e4cf</tstamps>
    </comp>
    <comp ref="R21">
      <value>${2R}</value>
      <footprint>grad_kicad_foot:R_0603_1608Metric_small_silk</footprint>
      <libsource lib="Device" part="R" description="Resistor"/>
      <property name="Sheetname" value=""/>
      <property name="Sheetfile" value="SPARC.kicad_sch"/>
      <sheetpath names="/" tstamps="/"/>
      <tstamps>e7025d77-4b92-4a51-93fd-9ab298b6031f</tstamps>
    </comp>
    <comp ref="R22">
      <value>${2R}</value>
      <footprint>grad_kicad_foot:R_0603_1608Metric_small_silk</footprint>
      <libsource lib="Device" part="R" description="Resistor"/>
      <property name="Sheetname" value=""/>
      <property name="Sheetfile" value="SPARC.kicad_sch"/>
      <sheetpath names="/" tstamps="/"/>
      <tstamps>3740bddc-5785-4986-9bf1-0acc9483eab8</tstamps>
    </comp>
    <comp ref="R23">
      <value>${2R}</value>
      <footprint>grad_kicad_foot:R_0603_1608Metric_small_silk</footprint>
      <libsource lib="Device" part="R" description="Resistor"/>
      <property name="Sheetname" value=""/>
      <property name="Sheetfile" value="SPARC.kicad_sch"/>
      <sheetpath names="/" tstamps="/"/>
      <tstamps>9f02f1f3-18ac-437c-b196-aae5808d1118</tstamps>
    </comp>
    <comp ref="R24">
      <value>${2R}</value>
      <footprint>grad_kicad_foot:R_0603_1608Metric_small_silk</footprint>
      <libsource lib="Device" part="R" description="Resistor"/>
      <property name="Sheetname" value=""/>
      <property name="Sheetfile" value="SPARC.kicad_sch"/>
      <sheetpath names="/" tstamps="/"/>
      <tstamps>e867acf4-78b6-4b31-849c-840645c0c6db</tstamps>
    </comp>
    <comp ref="R25">
      <value>${2R}</value>
      <footprint>grad_kicad_foot:R_0603_1608Metric_small_silk</footprint>
      <libsource lib="Device" part="R" description="Resistor"/>
      <property name="Sheetname" value=""/>
      <property name="Sheetfile" value="SPARC.kicad_sch"/>
      <sheetpath names="/" tstamps="/"/>
      <tstamps>0aaac9f0-2694-4806-8893-73bf8075e541</tstamps>
    </comp>
    <comp ref="R26">
      <value>${2R}</value>
      <footprint>grad_kicad_foot:R_0603_1608Metric_small_silk</footprint>
      <libsource lib="Device" part="R" description="Resistor"/>
      <property name="Sheetname" value=""/>
      <property name="Sheetfile" value="SPARC.kicad_sch"/>
      <sheetpath names="/" tstamps="/"/>
      <tstamps>a54be0e6-3824-4f9f-987c-593174106368</tstamps>
    </comp>
    <comp ref="R27">
      <value>${2R}</value>
      <footprint>grad_kicad_foot:R_0603_1608Metric_small_silk</footprint>
      <libsource lib="Device" part="R" description="Resistor"/>
      <property name="Sheetname" value=""/>
      <property name="Sheetfile" value="SPARC.kicad_sch"/>
      <sheetpath names="/" tstamps="/"/>
      <tstamps>27fb9da8-56c9-418a-b409-dcd3cffa03b6</tstamps>
    </comp>
    <comp ref="R28">
      <value>${2R}</value>
      <footprint>grad_kicad_foot:R_0603_1608Metric_small_silk</footprint>
      <libsource lib="Device" part="R" description="Resistor"/>
      <property name="Sheetname" value=""/>
      <property name="Sheetfile" value="SPARC.kicad_sch"/>
      <sheetpath names="/" tstamps="/"/>
      <tstamps>67e306b0-b00e-4424-a888-6e3bf1d8c45a</tstamps>
    </comp>
    <comp ref="R29">
      <value>${2R}</value>
      <footprint>grad_kicad_foot:R_0603_1608Metric_small_silk</footprint>
      <libsource lib="Device" part="R" description="Resistor"/>
      <property name="Sheetname" value=""/>
      <property name="Sheetfile" value="SPARC.kicad_sch"/>
      <sheetpath names="/" tstamps="/"/>
      <tstamps>3a28d6c8-0025-438f-991b-5fe031fb3b2c</tstamps>
    </comp>
    <comp ref="R30">
      <value>${2R}</value>
      <footprint>grad_kicad_foot:R_0603_1608Metric_small_silk</footprint>
      <libsource lib="Device" part="R" description="Resistor"/>
      <property name="Sheetname" value=""/>
      <property name="Sheetfile" value="SPARC.kicad_sch"/>
      <sheetpath names="/" tstamps="/"/>
      <tstamps>e04d6091-baaf-40b2-9444-628356fc18ed</tstamps>
    </comp>
    <comp ref="R31">
      <value>${2R}</value>
      <footprint>grad_kicad_foot:R_0603_1608Metric_small_silk</footprint>
      <libsource lib="Device" part="R" description="Resistor"/>
      <property name="Sheetname" value=""/>
      <property name="Sheetfile" value="SPARC.kicad_sch"/>
      <sheetpath names="/" tstamps="/"/>
      <tstamps>2b3c325b-d03f-4538-849e-47f1fe5f2382</tstamps>
    </comp>
    <comp ref="R32">
      <value>${2R}</value>
      <footprint>grad_kicad_foot:R_0603_1608Metric_small_silk</footprint>
      <libsource lib="Device" part="R" description="Resistor"/>
      <property name="Sheetname" value=""/>
      <property name="Sheetfile" value="SPARC.kicad_sch"/>
      <sheetpath names="/" tstamps="/"/>
      <tstamps>49ec8e6d-d19f-47a0-84d2-b2b2a4c081d9</tstamps>
    </comp>
    <comp ref="R33">
      <value>${2R}</value>
      <footprint>grad_kicad_foot:R_0603_1608Metric_small_silk</footprint>
      <libsource lib="Device" part="R" description="Resistor"/>
      <property name="Sheetname" value=""/>
      <property name="Sheetfile" value="SPARC.kicad_sch"/>
      <sheetpath names="/" tstamps="/"/>
      <tstamps>d8046689-bcf3-4983-bbe2-3ae81fbb7283</tstamps>
    </comp>
    <comp ref="R34">
      <value>${2R}</value>
      <footprint>grad_kicad_foot:R_0603_1608Metric_small_silk</footprint>
      <libsource lib="Device" part="R" description="Resistor"/>
      <property name="Sheetname" value=""/>
      <property name="Sheetfile" value="SPARC.kicad_sch"/>
      <sheetpath names="/" tstamps="/"/>
      <tstamps>ee22f927-138f-44ce-a3cf-120e99cbab48</tstamps>
    </comp>
    <comp ref="R35">
      <value>${2R}</value>
      <footprint>grad_kicad_foot:R_0603_1608Metric_small_silk</footprint>
      <libsource lib="Device" part="R" description="Resistor"/>
      <property name="Sheetname" value=""/>
      <property name="Sheetfile" value="SPARC.kicad_sch"/>
      <sheetpath names="/" tstamps="/"/>
      <tstamps>a3cb9152-d8c3-47f4-a5ca-16421aacbe96</tstamps>
    </comp>
    <comp ref="R36">
      <value>${2R}</value>
      <footprint>grad_kicad_foot:R_0603_1608Metric_small_silk</footprint>
      <libsource lib="Device" part="R" description="Resistor"/>
      <property name="Sheetname" value=""/>
      <property name="Sheetfile" value="SPARC.kicad_sch"/>
      <sheetpath names="/" tstamps="/"/>
      <tstamps>41979a60-f1bd-4eb6-b04f-82f3f0c7b60f</tstamps>
    </comp>
    <comp ref="R37">
      <value>${2R}</value>
      <footprint>grad_kicad_foot:R_0603_1608Metric_small_silk</footprint>
      <libsource lib="Device" part="R" description="Resistor"/>
      <property name="Sheetname" value=""/>
      <property name="Sheetfile" value="SPARC.kicad_sch"/>
      <sheetpath names="/" tstamps="/"/>
      <tstamps>06c5a63d-c3bc-4af3-a13d-caad2b123088</tstamps>
    </comp>
    <comp ref="R38">
      <value>${2R}</value>
      <footprint>grad_kicad_foot:R_0603_1608Metric_small_silk</footprint>
      <libsource lib="Device" part="R" description="Resistor"/>
      <property name="Sheetname" value=""/>
      <property name="Sheetfile" value="SPARC.kicad_sch"/>
      <sheetpath names="/" tstamps="/"/>
      <tstamps>0889f8b8-ff3b-4345-ba3b-0017d1027efc</tstamps>
    </comp>
    <comp ref="R39">
      <value>${2R}</value>
      <footprint>grad_kicad_foot:R_0603_1608Metric_small_silk</footprint>
      <libsource lib="Device" part="R" description="Resistor"/>
      <property name="Sheetname" value=""/>
      <property name="Sheetfile" value="SPARC.kicad_sch"/>
      <sheetpath names="/" tstamps="/"/>
      <tstamps>fbe8a0ee-02e9-437a-84af-3a20a1d38b9b</tstamps>
    </comp>
    <comp ref="R40">
      <value>${2R}</value>
      <footprint>grad_kicad_foot:R_0603_1608Metric_small_silk</footprint>
      <libsource lib="Device" part="R" description="Resistor"/>
      <property name="Sheetname" value=""/>
      <property name="Sheetfile" value="SPARC.kicad_sch"/>
      <sheetpath names="/" tstamps="/"/>
      <tstamps>2a799e3f-ebf4-40e8-972b-86c8559840f6</tstamps>
    </comp>
    <comp ref="R41">
      <value>${2R}</value>
      <footprint>grad_kicad_foot:R_0603_1608Metric_small_silk</footprint>
      <libsource lib="Device" part="R" description="Resistor"/>
      <property name="Sheetname" value=""/>
      <property name="Sheetfile" value="SPARC.kicad_sch"/>
      <sheetpath names="/" tstamps="/"/>
      <tstamps>dd6532aa-d7e4-4f3f-959d-d5696a34bdd9</tstamps>
    </comp>
    <comp ref="R42">
      <value>${2R}</value>
      <footprint>grad_kicad_foot:R_0603_1608Metric_small_silk</footprint>
      <libsource lib="Device" part="R" description="Resistor"/>
      <property name="Sheetname" value=""/>
      <property name="Sheetfile" value="SPARC.kicad_sch"/>
      <sheetpath names="/" tstamps="/"/>
      <tstamps>de6f00ec-9101-48f5-b92f-845ddfd8d919</tstamps>
    </comp>
    <comp ref="R43">
      <value>${2R}</value>
      <footprint>grad_kicad_foot:R_0603_1608Metric_small_silk</footprint>
      <libsource lib="Device" part="R" description="Resistor"/>
      <property name="Sheetname" value=""/>
      <property name="Sheetfile" value="SPARC.kicad_sch"/>
      <sheetpath names="/" tstamps="/"/>
      <tstamps>91686b8b-56bb-4714-ba2f-2527785d4f56</tstamps>
    </comp>
    <comp ref="R44">
      <value>${2R}</value>
      <footprint>grad_kicad_foot:R_0603_1608Metric_small_silk</footprint>
      <libsource lib="Device" part="R" description="Resistor"/>
      <property name="Sheetname" value=""/>
      <property name="Sheetfile" value="SPARC.kicad_sch"/>
      <sheetpath names="/" tstamps="/"/>
      <tstamps>d0f21d6c-7837-4f29-8376-4cdbcda931fc</tstamps>
    </comp>
    <comp ref="R45">
      <value>${2R}</value>
      <footprint>grad_kicad_foot:R_0603_1608Metric_small_silk</footprint>
      <libsource lib="Device" part="R" description="Resistor"/>
      <property name="Sheetname" value=""/>
      <property name="Sheetfile" value="SPARC.kicad_sch"/>
      <sheetpath names="/" tstamps="/"/>
      <tstamps>40efda51-a34f-4505-b8bc-9fbfa4c2e686</tstamps>
    </comp>
    <comp ref="R46">
      <value>${2R}</value>
      <footprint>grad_kicad_foot:R_0603_1608Metric_small_silk</footprint>
      <libsource lib="Device" part="R" description="Resistor"/>
      <property name="Sheetname" value=""/>
      <property name="Sheetfile" value="SPARC.kicad_sch"/>
      <sheetpath names="/" tstamps="/"/>
      <tstamps>3aa9bcec-70cf-4dc6-a07d-cf514e497d04</tstamps>
    </comp>
    <comp ref="R47">
      <value>${2R}</value>
      <footprint>grad_kicad_foot:R_0603_1608Metric_small_silk</footprint>
      <libsource lib="Device" part="R" description="Resistor"/>
      <property name="Sheetname" value=""/>
      <property name="Sheetfile" value="SPARC.kicad_sch"/>
      <sheetpath names="/" tstamps="/"/>
      <tstamps>c2473920-c55a-4b66-94e2-f9a60c7b3ab5</tstamps>
    </comp>
    <comp ref="R48">
      <value>${2R}</value>
      <footprint>grad_kicad_foot:R_0603_1608Metric_small_silk</footprint>
      <libsource lib="Device" part="R" description="Resistor"/>
      <property name="Sheetname" value=""/>
      <property name="Sheetfile" value="SPARC.kicad_sch"/>
      <sheetpath names="/" tstamps="/"/>
      <tstamps>570440e3-67da-4d95-bc22-d873df5e80fe</tstamps>
    </comp>
    <comp ref="R49">
      <value>${2R}</value>
      <footprint>grad_kicad_foot:R_0603_1608Metric_small_silk</footprint>
      <libsource lib="Device" part="R" description="Resistor"/>
      <property name="Sheetname" value=""/>
      <property name="Sheetfile" value="SPARC.kicad_sch"/>
      <sheetpath names="/" tstamps="/"/>
      <tstamps>c94cd016-b2f1-4809-af2b-57ebe5d52791</tstamps>
    </comp>
    <comp ref="R50">
      <value>${2R}</value>
      <footprint>grad_kicad_foot:R_0603_1608Metric_small_silk</footprint>
      <libsource lib="Device" part="R" description="Resistor"/>
      <property name="Sheetname" value=""/>
      <property name="Sheetfile" value="SPARC.kicad_sch"/>
      <sheetpath names="/" tstamps="/"/>
      <tstamps>d577df18-b53f-43e7-ac87-141275a4c5b7</tstamps>
    </comp>
    <comp ref="R51">
      <value>${2R}</value>
      <footprint>grad_kicad_foot:R_0603_1608Metric_small_silk</footprint>
      <libsource lib="Device" part="R" description="Resistor"/>
      <property name="Sheetname" value=""/>
      <property name="Sheetfile" value="SPARC.kicad_sch"/>
      <sheetpath names="/" tstamps="/"/>
      <tstamps>af47809c-6063-4fe1-b95b-1f0e63c9ef36</tstamps>
    </comp>
    <comp ref="R52">
      <value>${2R}</value>
      <footprint>grad_kicad_foot:R_0603_1608Metric_small_silk</footprint>
      <libsource lib="Device" part="R" description="Resistor"/>
      <property name="Sheetname" value=""/>
      <property name="Sheetfile" value="SPARC.kicad_sch"/>
      <sheetpath names="/" tstamps="/"/>
      <tstamps>7702f3d5-8b34-433c-b053-05ba1e2d905c</tstamps>
    </comp>
    <comp ref="R53">
      <value>${2R}</value>
      <footprint>grad_kicad_foot:R_0603_1608Metric_small_silk</footprint>
      <libsource lib="Device" part="R" description="Resistor"/>
      <property name="Sheetname" value=""/>
      <property name="Sheetfile" value="SPARC.kicad_sch"/>
      <sheetpath names="/" tstamps="/"/>
      <tstamps>a3ae2d8d-9a8a-4992-a606-97772e5cb7db</tstamps>
    </comp>
    <comp ref="R54">
      <value>${2R}</value>
      <footprint>grad_kicad_foot:R_0603_1608Metric_small_silk</footprint>
      <libsource lib="Device" part="R" description="Resistor"/>
      <property name="Sheetname" value=""/>
      <property name="Sheetfile" value="SPARC.kicad_sch"/>
      <sheetpath names="/" tstamps="/"/>
      <tstamps>1ceada1e-c1ac-4098-8e7e-bfa77504a854</tstamps>
    </comp>
    <comp ref="R55">
      <value>${2R}</value>
      <footprint>grad_kicad_foot:R_0603_1608Metric_small_silk</footprint>
      <libsource lib="Device" part="R" description="Resistor"/>
      <property name="Sheetname" value=""/>
      <property name="Sheetfile" value="SPARC.kicad_sch"/>
      <sheetpath names="/" tstamps="/"/>
      <tstamps>325766d9-1499-492a-b751-0f31f775229a</tstamps>
    </comp>
    <comp ref="R56">
      <value>${2R}</value>
      <footprint>grad_kicad_foot:R_0603_1608Metric_small_silk</footprint>
      <libsource lib="Device" part="R" description="Resistor"/>
      <property name="Sheetname" value=""/>
      <property name="Sheetfile" value="SPARC.kicad_sch"/>
      <sheetpath names="/" tstamps="/"/>
      <tstamps>2cc2d10f-1940-4b6d-90e9-b5bccf1a6732</tstamps>
    </comp>
    <comp ref="R57">
      <value>${2R}</value>
      <footprint>grad_kicad_foot:R_0603_1608Metric_small_silk</footprint>
      <libsource lib="Device" part="R" description="Resistor"/>
      <property name="Sheetname" value=""/>
      <property name="Sheetfile" value="SPARC.kicad_sch"/>
      <sheetpath names="/" tstamps="/"/>
      <tstamps>8e6f1771-2378-4007-9c72-adce9ed723a6</tstamps>
    </comp>
    <comp ref="R58">
      <value>${2R}</value>
      <footprint>grad_kicad_foot:R_0603_1608Metric_small_silk</footprint>
      <libsource lib="Device" part="R" description="Resistor"/>
      <property name="Sheetname" value=""/>
      <property name="Sheetfile" value="SPARC.kicad_sch"/>
      <sheetpath names="/" tstamps="/"/>
      <tstamps>3c63841c-9259-4e7b-9af7-57ec168f526f</tstamps>
    </comp>
    <comp ref="R59">
      <value>${2R}</value>
      <footprint>grad_kicad_foot:R_0603_1608Metric_small_silk</footprint>
      <libsource lib="Device" part="R" description="Resistor"/>
      <property name="Sheetname" value=""/>
      <property name="Sheetfile" value="SPARC.kicad_sch"/>
      <sheetpath names="/" tstamps="/"/>
      <tstamps>fba47a6e-ccc3-464a-b9af-aa2281f94f0c</tstamps>
    </comp>
    <comp ref="R60">
      <value>${2R}</value>
      <footprint>grad_kicad_foot:R_0603_1608Metric_small_silk</footprint>
      <libsource lib="Device" part="R" description="Resistor"/>
      <property name="Sheetname" value=""/>
      <property name="Sheetfile" value="SPARC.kicad_sch"/>
      <sheetpath names="/" tstamps="/"/>
      <tstamps>50fecec0-59db-4af0-bf73-7b1b817f938c</tstamps>
    </comp>
    <comp ref="R61">
      <value>${2R}</value>
      <footprint>grad_kicad_foot:R_0603_1608Metric_small_silk</footprint>
      <libsource lib="Device" part="R" description="Resistor"/>
      <property name="Sheetname" value=""/>
      <property name="Sheetfile" value="SPARC.kicad_sch"/>
      <sheetpath names="/" tstamps="/"/>
      <tstamps>fd61e69a-a277-48b8-86a7-79c10c35053b</tstamps>
    </comp>
    <comp ref="R62">
      <value>${2R}</value>
      <footprint>grad_kicad_foot:R_0603_1608Metric_small_silk</footprint>
      <libsource lib="Device" part="R" description="Resistor"/>
      <property name="Sheetname" value=""/>
      <property name="Sheetfile" value="SPARC.kicad_sch"/>
      <sheetpath names="/" tstamps="/"/>
      <tstamps>313db783-1e38-427a-a90a-ea52f02d6572</tstamps>
    </comp>
    <comp ref="U1">
      <value>HV2621</value>
      <footprint>Package_DFN_QFN:VQFN-64-1EP_9x9mm_P0.5mm_EP7.15x7.15mm_ThermalVias</footprint>
      <datasheet>http://ww1.microchip.com/downloads/en/DeviceDoc/HV2621-Family-Data-Sheet-DS20006082A.pdf</datasheet>
      <libsource lib="grad" part="HV2621" description=""/>
      <property name="Sheetname" value=""/>
      <property name="Sheetfile" value="SPARC.kicad_sch"/>
      <sheetpath names="/" tstamps="/"/>
      <tstamps>28c1d54b-da16-4414-b15f-48fa4c2ed610</tstamps>
    </comp>
    <comp ref="U2">
      <value>HV2621</value>
      <footprint>Package_DFN_QFN:VQFN-64-1EP_9x9mm_P0.5mm_EP7.15x7.15mm_ThermalVias</footprint>
      <datasheet>http://ww1.microchip.com/downloads/en/DeviceDoc/HV2621-Family-Data-Sheet-DS20006082A.pdf</datasheet>
      <libsource lib="grad" part="HV2621" description=""/>
      <property name="Sheetname" value=""/>
      <property name="Sheetfile" value="SPARC.kicad_sch"/>
      <sheetpath names="/" tstamps="/"/>
      <tstamps>6cfd335e-3366-4636-ad0e-f1fe5cc98c25</tstamps>
    </comp>
  </components>
  <libparts>
    <libpart lib="Connector" part="Conn_01x03_Female">
      <description>Generic connector, single row, 01x03, script generated (kicad-library-utils/schlib/autogen/connector/)</description>
      <docs>~</docs>
      <footprints>
        <fp>Connector*:*_1x??_*</fp>
      </footprints>
      <fields>
        <field name="Reference">J</field>
        <field name="Value">Conn_01x03_Female</field>
        <field name="Datasheet">~</field>
      </fields>
      <pins>
        <pin num="1" name="Pin_1" type="passive"/>
        <pin num="2" name="Pin_2" type="passive"/>
        <pin num="3" name="Pin_3" type="passive"/>
      </pins>
    </libpart>
    <libpart lib="Connector" part="Conn_01x06_Female">
      <description>Generic connector, single row, 01x06, script generated (kicad-library-utils/schlib/autogen/connector/)</description>
      <docs>~</docs>
      <footprints>
        <fp>Connector*:*_1x??_*</fp>
      </footprints>
      <fields>
        <field name="Reference">J</field>
        <field name="Value">Conn_01x06_Female</field>
        <field name="Datasheet">~</field>
      </fields>
      <pins>
        <pin num="1" name="Pin_1" type="passive"/>
        <pin num="2" name="Pin_2" type="passive"/>
        <pin num="3" name="Pin_3" type="passive"/>
        <pin num="4" name="Pin_4" type="passive"/>
        <pin num="5" name="Pin_5" type="passive"/>
        <pin num="6" name="Pin_6" type="passive"/>
      </pins>
    </libpart>
    <libpart lib="Connector" part="Conn_Coaxial_Power">
      <description>coaxial connector (BNC, SMA, SMB, SMC, Cinch/RCA, LEMO, ...)</description>
      <docs>~</docs>
      <footprints>
        <fp>*BNC*</fp>
        <fp>*SMA*</fp>
        <fp>*SMB*</fp>
        <fp>*SMC*</fp>
        <fp>*Cinch*</fp>
        <fp>*LEMO*</fp>
      </footprints>
      <fields>
        <field name="Reference">J</field>
        <field name="Value">Conn_Coaxial_Power</field>
        <field name="Datasheet">~</field>
      </fields>
      <pins>
        <pin num="1" name="In" type="passive"/>
        <pin num="2" name="Ext" type="passive"/>
      </pins>
    </libpart>
    <libpart lib="Device" part="C_Small">
      <description>Unpolarized capacitor, small symbol</description>
      <docs>~</docs>
      <footprints>
        <fp>C_*</fp>
      </footprints>
      <fields>
        <field name="Reference">C</field>
        <field name="Value">C_Small</field>
        <field name="Datasheet">~</field>
      </fields>
      <pins>
        <pin num="1" name="" type="passive"/>
        <pin num="2" name="" type="passive"/>
      </pins>
    </libpart>
    <libpart lib="Device" part="D_Bridge_+A-A">
      <description>Diode bridge, +ve/AC/-ve/AC</description>
      <docs>~</docs>
      <footprints>
        <fp>D*Bridge*</fp>
        <fp>D*Rectifier*</fp>
      </footprints>
      <fields>
        <field name="Reference">D</field>
        <field name="Value">D_Bridge_+A-A</field>
        <field name="Datasheet">~</field>
      </fields>
      <pins>
        <pin num="1" name="+" type="passive"/>
        <pin num="2" name="" type="passive"/>
        <pin num="3" name="-" type="passive"/>
        <pin num="4" name="" type="passive"/>
      </pins>
    </libpart>
    <libpart lib="Device" part="R">
      <description>Resistor</description>
      <docs>~</docs>
      <footprints>
        <fp>R_*</fp>
      </footprints>
      <fields>
        <field name="Reference">R</field>
        <field name="Value">R</field>
        <field name="Datasheet">~</field>
      </fields>
      <pins>
        <pin num="1" name="" type="passive"/>
        <pin num="2" name="" type="passive"/>
      </pins>
    </libpart>
    <libpart lib="Jumper" part="Jumper_3_Open">
      <description>Jumper, 3-pole, both open</description>
      <docs>~</docs>
      <footprints>
        <fp>Jumper*</fp>
        <fp>TestPoint*3Pads*</fp>
        <fp>TestPoint*Bridge*</fp>
      </footprints>
      <fields>
        <field name="Reference">JP</field>
        <field name="Value">Jumper_3_Open</field>
        <field name="Datasheet">~</field>
      </fields>
      <pins>
        <pin num="1" name="A" type="passive"/>
        <pin num="2" name="C" type="input"/>
        <pin num="3" name="B" type="passive"/>
      </pins>
    </libpart>
    <libpart lib="grad" part="HV2621">
      <docs>http://ww1.microchip.com/downloads/en/DeviceDoc/HV2621-Family-Data-Sheet-DS20006082A.pdf</docs>
      <fields>
        <field name="Reference">U1</field>
        <field name="Value">HV2621</field>
        <field name="Footprint">Package_DFN_QFN:VQFN-64-1EP_9x9mm_P0.5mm_EP7.15x7.15mm_ThermalVias</field>
        <field name="Datasheet">http://ww1.microchip.com/downloads/en/DeviceDoc/HV2621-Family-Data-Sheet-DS20006082A.pdf</field>
      </fields>
      <pins>
        <pin num="1" name="SW5A" type="bidirectional"/>
        <pin num="2" name="NC" type="no_connect"/>
        <pin num="3" name="SW4B" type="bidirectional"/>
        <pin num="4" name="SW4A" type="bidirectional"/>
        <pin num="5" name="NC" type="no_connect"/>
        <pin num="6" name="SW3B" type="bidirectional"/>
        <pin num="7" name="SW3A" type="bidirectional"/>
        <pin num="8" name="NC" type="no_connect"/>
        <pin num="9" name="NC" type="no_connect"/>
        <pin num="10" name="SW2A" type="bidirectional"/>
        <pin num="11" name="NC" type="no_connect"/>
        <pin num="12" name="SW1B" type="bidirectional"/>
        <pin num="13" name="SW1A" type="bidirectional"/>
        <pin num="14" name="NC" type="no_connect"/>
        <pin num="15" name="SW0B" type="bidirectional"/>
        <pin num="16" name="SW0A" type="bidirectional"/>
        <pin num="17" name="VNN" type="power_in"/>
        <pin num="18" name="NC" type="no_connect"/>
        <pin num="19" name="VPP" type="power_in"/>
        <pin num="20" name="NC" type="no_connect"/>
        <pin num="21" name="CLR" type="bidirectional"/>
        <pin num="22" name="~{LE}" type="bidirectional"/>
        <pin num="23" name="GND" type="power_out"/>
        <pin num="24" name="VDD" type="power_in"/>
        <pin num="25" name="DIN" type="input"/>
        <pin num="26" name="CLK" type="input"/>
        <pin num="27" name="DOUT" type="output"/>
        <pin num="28" name="NC" type="no_connect"/>
        <pin num="29" name="VPP" type="power_in"/>
        <pin num="30" name="NC" type="no_connect"/>
        <pin num="31" name="VNN" type="power_in"/>
        <pin num="32" name="NC" type="no_connect"/>
        <pin num="33" name="NC/RGND" type="bidirectional"/>
        <pin num="34" name="NC" type="no_connect"/>
        <pin num="35" name="SW15B" type="bidirectional"/>
        <pin num="36" name="SW15A" type="bidirectional"/>
        <pin num="37" name="NC" type="no_connect"/>
        <pin num="38" name="SW14B" type="bidirectional"/>
        <pin num="39" name="SW14A" type="bidirectional"/>
        <pin num="40" name="NC" type="no_connect"/>
        <pin num="41" name="SW13B" type="bidirectional"/>
        <pin num="42" name="SW13A" type="bidirectional"/>
        <pin num="43" name="NC" type="no_connect"/>
        <pin num="44" name="SW12B" type="bidirectional"/>
        <pin num="45" name="SW12A" type="bidirectional"/>
        <pin num="46" name="NC" type="no_connect"/>
        <pin num="47" name="SW11B" type="bidirectional"/>
        <pin num="48" name="SW11A" type="bidirectional"/>
        <pin num="49" name="SW10B" type="bidirectional"/>
        <pin num="50" name="SW10A" type="bidirectional"/>
        <pin num="51" name="NC" type="no_connect"/>
        <pin num="52" name="SW9B" type="bidirectional"/>
        <pin num="53" name="SW9A" type="bidirectional"/>
        <pin num="54" name="NC" type="no_connect"/>
        <pin num="55" name="SW8B" type="bidirectional"/>
        <pin num="56" name="SW8A" type="bidirectional"/>
        <pin num="57" name="NC" type="no_connect"/>
        <pin num="58" name="SW7B" type="bidirectional"/>
        <pin num="59" name="SW7A" type="bidirectional"/>
        <pin num="60" name="NC" type="no_connect"/>
        <pin num="61" name="SW6B" type="bidirectional"/>
        <pin num="62" name="SW6A" type="bidirectional"/>
        <pin num="63" name="NC" type="no_connect"/>
        <pin num="64" name="SW5B" type="bidirectional"/>
        <pin num="65" name="VSUB(VNN)" type="power_in"/>
      </pins>
    </libpart>
  </libparts>
  <libraries>
    <library logical="Connector">
      <uri>D:\Installs\KiCad6.0\share\kicad\symbols\/Connector.kicad_sym</uri>
    </library>
    <library logical="Device">
      <uri>D:\Installs\KiCad6.0\share\kicad\symbols\/Device.kicad_sym</uri>
    </library>
    <library logical="Jumper">
      <uri>D:\Installs\KiCad6.0\share\kicad\symbols\/Jumper.kicad_sym</uri>
    </library>
    <library logical="grad">
      <uri>C:/Users/dr_mo/Documents/KiCad/6.0/symbols/grad.kicad_sym</uri>
    </library>
  </libraries>
  <nets>
    <net code="1" name="/CLK_0">
      <node ref="J3" pin="2" pinfunction="Pin_2" pintype="passive"/>
      <node ref="JP3" pin="3" pinfunction="B" pintype="passive"/>
      <node ref="U1" pin="26" pinfunction="CLK" pintype="input"/>
    </net>
    <net code="2" name="/CLK_1">
      <node ref="J6" pin="2" pinfunction="Pin_2" pintype="passive"/>
      <node ref="JP3" pin="1" pinfunction="A" pintype="passive"/>
    </net>
    <net code="3" name="/CLR_0">
      <node ref="J3" pin="4" pinfunction="Pin_4" pintype="passive"/>
      <node ref="U1" pin="21" pinfunction="CLR" pintype="bidirectional"/>
    </net>
    <net code="4" name="/CLR_1">
      <node ref="J6" pin="4" pinfunction="Pin_4" pintype="passive"/>
      <node ref="U2" pin="21" pinfunction="CLR" pintype="bidirectional"/>
    </net>
    <net code="5" name="/DIN_0">
      <node ref="J3" pin="3" pinfunction="Pin_3" pintype="passive"/>
      <node ref="U1" pin="25" pinfunction="DIN" pintype="input"/>
    </net>
    <net code="6" name="/DIN_1">
      <node ref="J6" pin="3" pinfunction="Pin_3" pintype="passive"/>
      <node ref="JP2" pin="1" pinfunction="A" pintype="passive"/>
    </net>
    <net code="7" name="/DOUT_0">
      <node ref="J3" pin="1" pinfunction="Pin_1" pintype="passive"/>
      <node ref="JP2" pin="3" pinfunction="B" pintype="passive"/>
      <node ref="U1" pin="27" pinfunction="DOUT" pintype="output"/>
    </net>
    <net code="8" name="/DOUT_1">
      <node ref="J6" pin="1" pinfunction="Pin_1" pintype="passive"/>
      <node ref="U2" pin="27" pinfunction="DOUT" pintype="output"/>
    </net>
    <net code="9" name="/SRc_1">
      <node ref="JP3" pin="2" pinfunction="C" pintype="input"/>
      <node ref="U2" pin="26" pinfunction="CLK" pintype="input"/>
    </net>
    <net code="10" name="/SRi_1">
      <node ref="JP2" pin="2" pinfunction="C" pintype="input"/>
      <node ref="U2" pin="25" pinfunction="DIN" pintype="input"/>
    </net>
    <net code="11" name="/VB0_0">
      <node ref="R12" pin="2" pintype="passive"/>
      <node ref="R20" pin="1" pintype="passive"/>
      <node ref="R4" pin="1" pintype="passive"/>
      <node ref="U1" pin="13" pinfunction="SW1A" pintype="bidirectional"/>
      <node ref="U1" pin="15" pinfunction="SW0B" pintype="bidirectional"/>
    </net>
    <net code="12" name="/VB0_1">
      <node ref="R32" pin="1" pintype="passive"/>
      <node ref="R33" pin="1" pintype="passive"/>
      <node ref="R34" pin="2" pintype="passive"/>
      <node ref="U2" pin="13" pinfunction="SW1A" pintype="bidirectional"/>
      <node ref="U2" pin="15" pinfunction="SW0B" pintype="bidirectional"/>
    </net>
    <net code="13" name="/VB1_0">
      <node ref="R12" pin="1" pintype="passive"/>
      <node ref="R13" pin="2" pintype="passive"/>
      <node ref="R4" pin="2" pintype="passive"/>
      <node ref="R5" pin="1" pintype="passive"/>
      <node ref="U1" pin="7" pinfunction="SW3A" pintype="bidirectional"/>
      <node ref="U1" pin="9" pinfunction="SW2B" pintype="bidirectional"/>
    </net>
    <net code="14" name="/VB1_1">
      <node ref="R33" pin="2" pintype="passive"/>
      <node ref="R34" pin="1" pintype="passive"/>
      <node ref="R35" pin="1" pintype="passive"/>
      <node ref="R36" pin="2" pintype="passive"/>
      <node ref="U2" pin="7" pinfunction="SW3A" pintype="bidirectional"/>
      <node ref="U2" pin="9" pinfunction="SW2B" pintype="bidirectional"/>
    </net>
    <net code="15" name="/VB2_0">
      <node ref="R13" pin="1" pintype="passive"/>
      <node ref="R14" pin="2" pintype="passive"/>
      <node ref="R5" pin="2" pintype="passive"/>
      <node ref="R6" pin="1" pintype="passive"/>
      <node ref="U1" pin="1" pinfunction="SW5A" pintype="bidirectional"/>
      <node ref="U1" pin="3" pinfunction="SW4B" pintype="bidirectional"/>
    </net>
    <net code="16" name="/VB2_1">
      <node ref="R35" pin="2" pintype="passive"/>
      <node ref="R36" pin="1" pintype="passive"/>
      <node ref="R37" pin="1" pintype="passive"/>
      <node ref="R38" pin="2" pintype="passive"/>
      <node ref="U2" pin="1" pinfunction="SW5A" pintype="bidirectional"/>
      <node ref="U2" pin="3" pinfunction="SW4B" pintype="bidirectional"/>
    </net>
    <net code="17" name="/VB3_0">
      <node ref="R14" pin="1" pintype="passive"/>
      <node ref="R15" pin="2" pintype="passive"/>
      <node ref="R6" pin="2" pintype="passive"/>
      <node ref="R7" pin="1" pintype="passive"/>
      <node ref="U1" pin="59" pinfunction="SW7A" pintype="bidirectional"/>
      <node ref="U1" pin="61" pinfunction="SW6B" pintype="bidirectional"/>
    </net>
    <net code="18" name="/VB3_1">
      <node ref="R37" pin="2" pintype="passive"/>
      <node ref="R38" pin="1" pintype="passive"/>
      <node ref="R39" pin="1" pintype="passive"/>
      <node ref="R40" pin="2" pintype="passive"/>
      <node ref="U2" pin="59" pinfunction="SW7A" pintype="bidirectional"/>
      <node ref="U2" pin="61" pinfunction="SW6B" pintype="bidirectional"/>
    </net>
    <net code="19" name="/VB4_0">
      <node ref="R15" pin="1" pintype="passive"/>
      <node ref="R16" pin="2" pintype="passive"/>
      <node ref="R7" pin="2" pintype="passive"/>
      <node ref="R8" pin="1" pintype="passive"/>
      <node ref="U1" pin="53" pinfunction="SW9A" pintype="bidirectional"/>
      <node ref="U1" pin="55" pinfunction="SW8B" pintype="bidirectional"/>
    </net>
    <net code="20" name="/VB4_1">
      <node ref="R39" pin="2" pintype="passive"/>
      <node ref="R40" pin="1" pintype="passive"/>
      <node ref="R41" pin="1" pintype="passive"/>
      <node ref="R42" pin="2" pintype="passive"/>
      <node ref="U2" pin="53" pinfunction="SW9A" pintype="bidirectional"/>
      <node ref="U2" pin="55" pinfunction="SW8B" pintype="bidirectional"/>
    </net>
    <net code="21" name="/VB5_0">
      <node ref="R16" pin="1" pintype="passive"/>
      <node ref="R17" pin="2" pintype="passive"/>
      <node ref="R8" pin="2" pintype="passive"/>
      <node ref="R9" pin="1" pintype="passive"/>
      <node ref="U1" pin="48" pinfunction="SW11A" pintype="bidirectional"/>
      <node ref="U1" pin="49" pinfunction="SW10B" pintype="bidirectional"/>
    </net>
    <net code="22" name="/VB5_1">
      <node ref="R41" pin="2" pintype="passive"/>
      <node ref="R42" pin="1" pintype="passive"/>
      <node ref="R43" pin="1" pintype="passive"/>
      <node ref="R44" pin="2" pintype="passive"/>
      <node ref="U2" pin="48" pinfunction="SW11A" pintype="bidirectional"/>
      <node ref="U2" pin="49" pinfunction="SW10B" pintype="bidirectional"/>
    </net>
    <net code="23" name="/VB6_0">
      <node ref="R10" pin="1" pintype="passive"/>
      <node ref="R17" pin="1" pintype="passive"/>
      <node ref="R18" pin="2" pintype="passive"/>
      <node ref="R9" pin="2" pintype="passive"/>
      <node ref="U1" pin="42" pinfunction="SW13A" pintype="bidirectional"/>
      <node ref="U1" pin="44" pinfunction="SW12B" pintype="bidirectional"/>
    </net>
    <net code="24" name="/VB6_1">
      <node ref="R43" pin="2" pintype="passive"/>
      <node ref="R44" pin="1" pintype="passive"/>
      <node ref="R45" pin="1" pintype="passive"/>
      <node ref="R46" pin="2" pintype="passive"/>
      <node ref="U2" pin="42" pinfunction="SW13A" pintype="bidirectional"/>
      <node ref="U2" pin="44" pinfunction="SW12B" pintype="bidirectional"/>
    </net>
    <net code="25" name="/VB7_0">
      <node ref="J4" pin="1" pinfunction="Pin_1" pintype="passive"/>
      <node ref="R10" pin="2" pintype="passive"/>
      <node ref="R18" pin="1" pintype="passive"/>
      <node ref="U1" pin="36" pinfunction="SW15A" pintype="bidirectional"/>
      <node ref="U1" pin="38" pinfunction="SW14B" pintype="bidirectional"/>
    </net>
    <net code="26" name="/VB7_1">
      <node ref="J5" pin="1" pinfunction="Pin_1" pintype="passive"/>
      <node ref="R45" pin="2" pintype="passive"/>
      <node ref="R46" pin="1" pintype="passive"/>
      <node ref="U2" pin="36" pinfunction="SW15A" pintype="bidirectional"/>
      <node ref="U2" pin="38" pinfunction="SW14B" pintype="bidirectional"/>
    </net>
    <net code="29" name="/VDD">
      <node ref="C10" pin="1" pintype="passive"/>
      <node ref="C8" pin="1" pintype="passive"/>
      <node ref="J3" pin="6" pinfunction="Pin_6" pintype="passive"/>
      <node ref="J6" pin="6" pinfunction="Pin_6" pintype="passive"/>
      <node ref="U1" pin="24" pinfunction="VDD" pintype="power_in"/>
      <node ref="U2" pin="24" pinfunction="VDD" pintype="power_in"/>
    </net>
    <net code="30" name="/VL">
      <node ref="JP1" pin="2" pinfunction="C" pintype="input"/>
      <node ref="R11" pin="1" pintype="passive"/>
      <node ref="R2" pin="1" pintype="passive"/>
      <node ref="R21" pin="1" pintype="passive"/>
      <node ref="R23" pin="1" pintype="passive"/>
      <node ref="R25" pin="1" pintype="passive"/>
      <node ref="R27" pin="1" pintype="passive"/>
      <node ref="R29" pin="1" pintype="passive"/>
      <node ref="R31" pin="1" pintype="passive"/>
      <node ref="R48" pin="1" pintype="passive"/>
      <node ref="R50" pin="1" pintype="passive"/>
      <node ref="R52" pin="1" pintype="passive"/>
      <node ref="R54" pin="1" pintype="passive"/>
      <node ref="R56" pin="1" pintype="passive"/>
      <node ref="R58" pin="1" pintype="passive"/>
      <node ref="R60" pin="1" pintype="passive"/>
      <node ref="R62" pin="1" pintype="passive"/>
    </net>
    <net code="31" name="/VNN">
      <node ref="C11" pin="2" pintype="passive"/>
      <node ref="C4" pin="1" pintype="passive"/>
      <node ref="C5" pin="1" pintype="passive"/>
      <node ref="C6" pin="1" pintype="passive"/>
      <node ref="C9" pin="2" pintype="passive"/>
      <node ref="D1" pin="3" pinfunction="-" pintype="passive"/>
      <node ref="JP1" pin="3" pinfunction="B" pintype="passive"/>
      <node ref="U1" pin="17" pinfunction="VNN" pintype="power_in"/>
      <node ref="U1" pin="31" pinfunction="VNN" pintype="power_in"/>
      <node ref="U1" pin="65" pinfunction="VSUB(VNN)" pintype="power_in"/>
      <node ref="U2" pin="17" pinfunction="VNN" pintype="power_in"/>
      <node ref="U2" pin="31" pinfunction="VNN" pintype="power_in"/>
      <node ref="U2" pin="65" pinfunction="VSUB(VNN)" pintype="power_in"/>
    </net>
    <net code="32" name="/VPP">
      <node ref="C1" pin="2" pintype="passive"/>
      <node ref="C12" pin="2" pintype="passive"/>
      <node ref="C2" pin="2" pintype="passive"/>
      <node ref="C3" pin="2" pintype="passive"/>
      <node ref="C7" pin="2" pintype="passive"/>
      <node ref="D1" pin="1" pinfunction="+" pintype="passive"/>
      <node ref="R1" pin="2" pintype="passive"/>
      <node ref="R19" pin="2" pintype="passive"/>
      <node ref="R22" pin="2" pintype="passive"/>
      <node ref="R24" pin="2" pintype="passive"/>
      <node ref="R26" pin="2" pintype="passive"/>
      <node ref="R28" pin="2" pintype="passive"/>
      <node ref="R3" pin="2" pintype="passive"/>
      <node ref="R30" pin="2" pintype="passive"/>
      <node ref="R47" pin="2" pintype="passive"/>
      <node ref="R49" pin="2" pintype="passive"/>
      <node ref="R51" pin="2" pintype="passive"/>
      <node ref="R53" pin="2" pintype="passive"/>
      <node ref="R55" pin="2" pintype="passive"/>
      <node ref="R57" pin="2" pintype="passive"/>
      <node ref="R59" pin="2" pintype="passive"/>
      <node ref="R61" pin="2" pintype="passive"/>
      <node ref="U1" pin="19" pinfunction="VPP" pintype="power_in"/>
      <node ref="U1" pin="29" pinfunction="VPP" pintype="power_in"/>
      <node ref="U2" pin="19" pinfunction="VPP" pintype="power_in"/>
      <node ref="U2" pin="29" pinfunction="VPP" pintype="power_in"/>
    </net>
    <net code="33" name="/~{LE_0}">
      <node ref="J3" pin="5" pinfunction="Pin_5" pintype="passive"/>
      <node ref="U1" pin="22" pinfunction="~{LE}" pintype="bidirectional"/>
    </net>
    <net code="34" name="/~{LE_1}">
      <node ref="J6" pin="5" pinfunction="Pin_5" pintype="passive"/>
      <node ref="U2" pin="22" pinfunction="~{LE}" pintype="bidirectional"/>
    </net>
    <net code="35" name="GND">
      <node ref="C1" pin="1" pintype="passive"/>
      <node ref="C10" pin="2" pintype="passive"/>
      <node ref="C11" pin="1" pintype="passive"/>
      <node ref="C12" pin="1" pintype="passive"/>
      <node ref="C2" pin="1" pintype="passive"/>
      <node ref="C3" pin="1" pintype="passive"/>
      <node ref="C4" pin="2" pintype="passive"/>
      <node ref="C5" pin="2" pintype="passive"/>
      <node ref="C6" pin="2" pintype="passive"/>
      <node ref="C7" pin="1" pintype="passive"/>
      <node ref="C8" pin="2" pintype="passive"/>
      <node ref="C9" pin="1" pintype="passive"/>
      <node ref="J1" pin="2" pinfunction="Ext" pintype="passive"/>
      <node ref="J2" pin="2" pinfunction="Ext" pintype="passive"/>
      <node ref="J4" pin="2" pinfunction="Pin_2" pintype="passive"/>
      <node ref="J4" pin="3" pinfunction="Pin_3" pintype="passive"/>
      <node ref="J5" pin="2" pinfunction="Pin_2" pintype="passive"/>
      <node ref="J5" pin="3" pinfunction="Pin_3" pintype="passive"/>
      <node ref="JP1" pin="1" pinfunction="A" pintype="passive"/>
      <node ref="R20" pin="2" pintype="passive"/>
      <node ref="R32" pin="2" pintype="passive"/>
      <node ref="U1" pin="23" pinfunction="GND" pintype="power_out"/>
      <node ref="U2" pin="23" pinfunction="GND" pintype="power_out"/>
    </net>
    <net code="36" name="Net-(D1-Pad2)">
      <node ref="D1" pin="2" pintype="passive"/>
      <node ref="J1" pin="1" pinfunction="In" pintype="passive"/>
    </net>
    <net code="37" name="Net-(D1-Pad4)">
      <node ref="D1" pin="4" pintype="passive"/>
      <node ref="J2" pin="1" pinfunction="In" pintype="passive"/>
    </net>
    <net code="38" name="Net-(R1-Pad1)">
      <node ref="R1" pin="1" pintype="passive"/>
      <node ref="U1" pin="16" pinfunction="SW0A" pintype="bidirectional"/>
    </net>
    <net code="39" name="Net-(R2-Pad2)">
      <node ref="R2" pin="2" pintype="passive"/>
      <node ref="U1" pin="12" pinfunction="SW1B" pintype="bidirectional"/>
    </net>
    <net code="40" name="Net-(R3-Pad1)">
      <node ref="R3" pin="1" pintype="passive"/>
      <node ref="U1" pin="10" pinfunction="SW2A" pintype="bidirectional"/>
    </net>
    <net code="41" name="Net-(R11-Pad2)">
      <node ref="R11" pin="2" pintype="passive"/>
      <node ref="U1" pin="6" pinfunction="SW3B" pintype="bidirectional"/>
    </net>
    <net code="42" name="Net-(R19-Pad1)">
      <node ref="R19" pin="1" pintype="passive"/>
      <node ref="U1" pin="4" pinfunction="SW4A" pintype="bidirectional"/>
    </net>
    <net code="43" name="Net-(R21-Pad2)">
      <node ref="R21" pin="2" pintype="passive"/>
      <node ref="U1" pin="64" pinfunction="SW5B" pintype="bidirectional"/>
    </net>
    <net code="44" name="Net-(R22-Pad1)">
      <node ref="R22" pin="1" pintype="passive"/>
      <node ref="U1" pin="62" pinfunction="SW6A" pintype="bidirectional"/>
    </net>
    <net code="45" name="Net-(R23-Pad2)">
      <node ref="R23" pin="2" pintype="passive"/>
      <node ref="U1" pin="58" pinfunction="SW7B" pintype="bidirectional"/>
    </net>
    <net code="46" name="Net-(R24-Pad1)">
      <node ref="R24" pin="1" pintype="passive"/>
      <node ref="U1" pin="56" pinfunction="SW8A" pintype="bidirectional"/>
    </net>
    <net code="47" name="Net-(R25-Pad2)">
      <node ref="R25" pin="2" pintype="passive"/>
      <node ref="U1" pin="52" pinfunction="SW9B" pintype="bidirectional"/>
    </net>
    <net code="48" name="Net-(R26-Pad1)">
      <node ref="R26" pin="1" pintype="passive"/>
      <node ref="U1" pin="50" pinfunction="SW10A" pintype="bidirectional"/>
    </net>
    <net code="49" name="Net-(R27-Pad2)">
      <node ref="R27" pin="2" pintype="passive"/>
      <node ref="U1" pin="47" pinfunction="SW11B" pintype="bidirectional"/>
    </net>
    <net code="50" name="Net-(R28-Pad1)">
      <node ref="R28" pin="1" pintype="passive"/>
      <node ref="U1" pin="45" pinfunction="SW12A" pintype="bidirectional"/>
    </net>
    <net code="51" name="Net-(R29-Pad2)">
      <node ref="R29" pin="2" pintype="passive"/>
      <node ref="U1" pin="41" pinfunction="SW13B" pintype="bidirectional"/>
    </net>
    <net code="52" name="Net-(R30-Pad1)">
      <node ref="R30" pin="1" pintype="passive"/>
      <node ref="U1" pin="39" pinfunction="SW14A" pintype="bidirectional"/>
    </net>
    <net code="53" name="Net-(R31-Pad2)">
      <node ref="R31" pin="2" pintype="passive"/>
      <node ref="U1" pin="35" pinfunction="SW15B" pintype="bidirectional"/>
    </net>
    <net code="54" name="Net-(R47-Pad1)">
      <node ref="R47" pin="1" pintype="passive"/>
      <node ref="U2" pin="16" pinfunction="SW0A" pintype="bidirectional"/>
    </net>
    <net code="55" name="Net-(R48-Pad2)">
      <node ref="R48" pin="2" pintype="passive"/>
      <node ref="U2" pin="12" pinfunction="SW1B" pintype="bidirectional"/>
    </net>
    <net code="56" name="Net-(R49-Pad1)">
      <node ref="R49" pin="1" pintype="passive"/>
      <node ref="U2" pin="10" pinfunction="SW2A" pintype="bidirectional"/>
    </net>
    <net code="57" name="Net-(R50-Pad2)">
      <node ref="R50" pin="2" pintype="passive"/>
      <node ref="U2" pin="6" pinfunction="SW3B" pintype="bidirectional"/>
    </net>
    <net code="58" name="Net-(R51-Pad1)">
      <node ref="R51" pin="1" pintype="passive"/>
      <node ref="U2" pin="4" pinfunction="SW4A" pintype="bidirectional"/>
    </net>
    <net code="59" name="Net-(R52-Pad2)">
      <node ref="R52" pin="2" pintype="passive"/>
      <node ref="U2" pin="64" pinfunction="SW5B" pintype="bidirectional"/>
    </net>
    <net code="60" name="Net-(R53-Pad1)">
      <node ref="R53" pin="1" pintype="passive"/>
      <node ref="U2" pin="62" pinfunction="SW6A" pintype="bidirectional"/>
    </net>
    <net code="61" name="Net-(R54-Pad2)">
      <node ref="R54" pin="2" pintype="passive"/>
      <node ref="U2" pin="58" pinfunction="SW7B" pintype="bidirectional"/>
    </net>
    <net code="62" name="Net-(R55-Pad1)">
      <node ref="R55" pin="1" pintype="passive"/>
      <node ref="U2" pin="56" pinfunction="SW8A" pintype="bidirectional"/>
    </net>
    <net code="63" name="Net-(R56-Pad2)">
      <node ref="R56" pin="2" pintype="passive"/>
      <node ref="U2" pin="52" pinfunction="SW9B" pintype="bidirectional"/>
    </net>
    <net code="64" name="Net-(R57-Pad1)">
      <node ref="R57" pin="1" pintype="passive"/>
      <node ref="U2" pin="50" pinfunction="SW10A" pintype="bidirectional"/>
    </net>
    <net code="65" name="Net-(R58-Pad2)">
      <node ref="R58" pin="2" pintype="passive"/>
      <node ref="U2" pin="47" pinfunction="SW11B" pintype="bidirectional"/>
    </net>
    <net code="66" name="Net-(R59-Pad1)">
      <node ref="R59" pin="1" pintype="passive"/>
      <node ref="U2" pin="45" pinfunction="SW12A" pintype="bidirectional"/>
    </net>
    <net code="67" name="Net-(R60-Pad2)">
      <node ref="R60" pin="2" pintype="passive"/>
      <node ref="U2" pin="41" pinfunction="SW13B" pintype="bidirectional"/>
    </net>
    <net code="68" name="Net-(R61-Pad1)">
      <node ref="R61" pin="1" pintype="passive"/>
      <node ref="U2" pin="39" pinfunction="SW14A" pintype="bidirectional"/>
    </net>
    <net code="69" name="Net-(R62-Pad2)">
      <node ref="R62" pin="2" pintype="passive"/>
      <node ref="U2" pin="35" pinfunction="SW15B" pintype="bidirectional"/>
    </net>
    <net code="70" name="unconnected-(U1-Pad2)">
      <node ref="U1" pin="2" pinfunction="NC" pintype="no_connect"/>
    </net>
    <net code="71" name="unconnected-(U1-Pad5)">
      <node ref="U1" pin="5" pinfunction="NC" pintype="no_connect"/>
    </net>
    <net code="72" name="unconnected-(U1-Pad8)">
      <node ref="U1" pin="8" pinfunction="NC" pintype="no_connect"/>
    </net>
    <net code="73" name="unconnected-(U1-Pad9)">
      <node ref="U1" pin="9" pinfunction="NC" pintype="no_connect"/>
    </net>
    <net code="74" name="unconnected-(U1-Pad11)">
      <node ref="U1" pin="11" pinfunction="NC" pintype="no_connect"/>
    </net>
    <net code="75" name="unconnected-(U1-Pad14)">
      <node ref="U1" pin="14" pinfunction="NC" pintype="no_connect"/>
    </net>
    <net code="76" name="unconnected-(U1-Pad18)">
      <node ref="U1" pin="18" pinfunction="NC" pintype="no_connect"/>
    </net>
    <net code="77" name="unconnected-(U1-Pad20)">
      <node ref="U1" pin="20" pinfunction="NC" pintype="no_connect"/>
    </net>
    <net code="78" name="unconnected-(U1-Pad28)">
      <node ref="U1" pin="28" pinfunction="NC" pintype="no_connect"/>
    </net>
    <net code="79" name="unconnected-(U1-Pad30)">
      <node ref="U1" pin="30" pinfunction="NC" pintype="no_connect"/>
    </net>
    <net code="80" name="unconnected-(U1-Pad32)">
      <node ref="U1" pin="32" pinfunction="NC" pintype="no_connect"/>
    </net>
    <net code="81" name="unconnected-(U1-Pad33)">
      <node ref="U1" pin="33" pinfunction="NC/RGND" pintype="bidirectional+no_connect"/>
    </net>
    <net code="82" name="unconnected-(U1-Pad34)">
      <node ref="U1" pin="34" pinfunction="NC" pintype="no_connect"/>
    </net>
    <net code="83" name="unconnected-(U1-Pad37)">
      <node ref="U1" pin="37" pinfunction="NC" pintype="no_connect"/>
    </net>
    <net code="84" name="unconnected-(U1-Pad40)">
      <node ref="U1" pin="40" pinfunction="NC" pintype="no_connect"/>
    </net>
    <net code="85" name="unconnected-(U1-Pad43)">
      <node ref="U1" pin="43" pinfunction="NC" pintype="no_connect"/>
    </net>
    <net code="86" name="unconnected-(U1-Pad46)">
      <node ref="U1" pin="46" pinfunction="NC" pintype="no_connect"/>
    </net>
    <net code="87" name="unconnected-(U1-Pad51)">
      <node ref="U1" pin="51" pinfunction="NC" pintype="no_connect"/>
    </net>
    <net code="88" name="unconnected-(U1-Pad54)">
      <node ref="U1" pin="54" pinfunction="NC" pintype="no_connect"/>
    </net>
    <net code="89" name="unconnected-(U1-Pad57)">
      <node ref="U1" pin="57" pinfunction="NC" pintype="no_connect"/>
    </net>
    <net code="90" name="unconnected-(U1-Pad60)">
      <node ref="U1" pin="60" pinfunction="NC" pintype="no_connect"/>
    </net>
    <net code="91" name="unconnected-(U1-Pad63)">
      <node ref="U1" pin="63" pinfunction="NC" pintype="no_connect"/>
    </net>
    <net code="92" name="unconnected-(U2-Pad2)">
      <node ref="U2" pin="2" pinfunction="NC" pintype="no_connect"/>
    </net>
    <net code="93" name="unconnected-(U2-Pad5)">
      <node ref="U2" pin="5" pinfunction="NC" pintype="no_connect"/>
    </net>
    <net code="94" name="unconnected-(U2-Pad8)">
      <node ref="U2" pin="8" pinfunction="NC" pintype="no_connect"/>
    </net>
    <net code="95" name="unconnected-(U2-Pad9)">
      <node ref="U2" pin="9" pinfunction="NC" pintype="no_connect"/>
    </net>
    <net code="96" name="unconnected-(U2-Pad11)">
      <node ref="U2" pin="11" pinfunction="NC" pintype="no_connect"/>
    </net>
    <net code="97" name="unconnected-(U2-Pad14)">
      <node ref="U2" pin="14" pinfunction="NC" pintype="no_connect"/>
    </net>
    <net code="98" name="unconnected-(U2-Pad18)">
      <node ref="U2" pin="18" pinfunction="NC" pintype="no_connect"/>
    </net>
    <net code="99" name="unconnected-(U2-Pad20)">
      <node ref="U2" pin="20" pinfunction="NC" pintype="no_connect"/>
    </net>
    <net code="100" name="unconnected-(U2-Pad28)">
      <node ref="U2" pin="28" pinfunction="NC" pintype="no_connect"/>
    </net>
    <net code="101" name="unconnected-(U2-Pad30)">
      <node ref="U2" pin="30" pinfunction="NC" pintype="no_connect"/>
    </net>
    <net code="102" name="unconnected-(U2-Pad32)">
      <node ref="U2" pin="32" pinfunction="NC" pintype="no_connect"/>
    </net>
    <net code="103" name="unconnected-(U2-Pad33)">
      <node ref="U2" pin="33" pinfunction="NC/RGND" pintype="bidirectional+no_connect"/>
    </net>
    <net code="104" name="unconnected-(U2-Pad34)">
      <node ref="U2" pin="34" pinfunction="NC" pintype="no_connect"/>
    </net>
    <net code="105" name="unconnected-(U2-Pad37)">
      <node ref="U2" pin="37" pinfunction="NC" pintype="no_connect"/>
    </net>
    <net code="106" name="unconnected-(U2-Pad40)">
      <node ref="U2" pin="40" pinfunction="NC" pintype="no_connect"/>
    </net>
    <net code="107" name="unconnected-(U2-Pad43)">
      <node ref="U2" pin="43" pinfunction="NC" pintype="no_connect"/>
    </net>
    <net code="108" name="unconnected-(U2-Pad46)">
      <node ref="U2" pin="46" pinfunction="NC" pintype="no_connect"/>
    </net>
    <net code="109" name="unconnected-(U2-Pad51)">
      <node ref="U2" pin="51" pinfunction="NC" pintype="no_connect"/>
    </net>
    <net code="110" name="unconnected-(U2-Pad54)">
      <node ref="U2" pin="54" pinfunction="NC" pintype="no_connect"/>
    </net>
    <net code="111" name="unconnected-(U2-Pad57)">
      <node ref="U2" pin="57" pinfunction="NC" pintype="no_connect"/>
    </net>
    <net code="112" name="unconnected-(U2-Pad60)">
      <node ref="U2" pin="60" pinfunction="NC" pintype="no_connect"/>
    </net>
    <net code="113" name="unconnected-(U2-Pad63)">
      <node ref="U2" pin="63" pinfunction="NC" pintype="no_connect"/>
    </net>
  </nets>
</export>
